trip_id,timepoint,stop_id,stop_sequence,arrival_time,departure_time
02100L1000_0,0,0200L1-OBSERVATORIO,1,00:00:00,00:00:00
02100L1000_0,0,0200L1-TACUBAYA,2,00:02:50,00:02:50
02100L1000_0,0,0200L1-JUANACATLAN,3,00:05:24,00:05:24
02100L1000_0,0,0200L1-CHAPULTEPEC,4,00:07:36,00:07:36
02100L1000_0,0,0200L1-SEVILLA,5,00:08:43,00:08:43
02100L1000_0,0,0200L1-INSURGENTES,6,00:10:22,00:10:22
02100L1000_0,0,0200L1-CUAUHTEMOC,7,00:12:13,00:12:13
02100L1000_0,0,0200L1-BALDERAS,8,00:13:18,00:13:18
02100L1000_0,0,0200L1-SALTODELAGUA,9,00:14:34,00:14:34
02100L1000_0,0,0200L1-ISABELLACA,10,00:15:43,00:15:43
02100L1000_0,0,0200L1-PINOSUAREZ,11,00:16:47,00:16:47
02100L1000_0,0,0200L1-MERCED,12,00:18:23,00:18:23
02100L1000_0,0,0200L1-CANDELARIA,13,00:20:04,00:20:04
02100L1000_0,0,0200L1-SANLAZARO,14,00:22:08,00:22:08
02100L1000_0,0,0200L1_MOCTEZUMA,15,00:23:19,00:23:19
02100L1000_0,0,0200L1-BALBUENA,16,00:24:57,00:24:57
02100L1000_0,0,0200L1-PTOAEREO,17,00:26:29,00:26:29
02100L1000_0,0,0200L1-GOMEZFARIAS,18,00:27:56,00:27:56
02100L1000_0,0,0200L1-ZARAGOZA,19,00:29:50,00:29:50
02100L1000_0,0,0200L1-PANTITLAN,20,00:32:38,00:32:38
02100L1000_1,0,0200L1-PANTITLAN,1,00:00:00,00:00:00
02100L1000_1,0,0200L1-ZARAGOZA,2,00:02:48,00:02:48
02100L1000_1,0,0200L1-GOMEZFARIAS,3,00:04:42,00:04:42
02100L1000_1,0,0200L1-PTOAEREO,4,00:06:09,00:06:09
02100L1000_1,0,0200L1-BALBUENA,5,00:07:41,00:07:41
02100L1000_1,0,0200L1_MOCTEZUMA,6,00:09:19,00:09:19
02100L1000_1,0,0200L1-SANLAZARO,7,00:10:30,00:10:30
02100L1000_1,0,0200L1-CANDELARIA,8,00:12:34,00:12:34
02100L1000_1,0,0200L1-MERCED,9,00:14:15,00:14:15
02100L1000_1,0,0200L1-PINOSUAREZ,10,00:15:51,00:15:51
02100L1000_1,0,0200L1-ISABELLACA,11,00:16:55,00:16:55
02100L1000_1,0,0200L1-SALTODELAGUA,12,00:18:04,00:18:04
02100L1000_1,0,0200L1-BALDERAS,13,00:19:20,00:19:20
02100L1000_1,0,0200L1-CUAUHTEMOC,14,00:20:25,00:20:25
02100L1000_1,0,0200L1-INSURGENTES,15,00:22:16,00:22:16
02100L1000_1,0,0200L1-SEVILLA,16,00:23:55,00:23:55
02100L1000_1,0,0200L1-CHAPULTEPEC,17,00:25:02,00:25:02
02100L1000_1,0,0200L1-JUANACATLAN,18,00:27:14,00:27:14
02100L1000_1,0,0200L1-TACUBAYA,19,00:29:48,00:29:48
02100L1000_1,0,0200L1-OBSERVATORIO,20,00:32:38,00:32:38
02100L2000_0,0,0200L2-CUATROCAMIN,1,00:00:00,00:00:00
02100L2000_0,0,0200L2-PANTEONES,2,00:03:19,00:03:19
02100L2000_0,0,0200L2-TACUBA,3,00:06:14,00:06:14
02100L2000_0,0,0200L2-CUITLAHUAC,4,00:07:38,00:07:38
02100L2000_0,0,0200L2-POPOTLA,5,00:09:06,00:09:06
02100L2000_0,0,0200L2-COLMILITAR,6,00:10:09,00:10:09
02100L2000_0,0,0200L2-NORMAL,7,00:11:29,00:11:29
02100L2000_0,0,0200L2-SANCOSME,8,00:12:53,00:12:53
02100L2000_0,0,0200L2-REVOLUCION,9,00:14:15,00:14:15
02100L2000_0,0,0200L2-HIDALGO,10,00:15:39,00:15:39
02100L2000_0,0,0200L2-BELLASARTES,11,00:16:46,00:16:46
02100L2000_0,0,0200L2-ALLENDE,12,00:17:42,00:17:42
02100L2000_0,0,0200L2-ZOCALO,13,00:19:05,00:19:05
02100L2000_0,0,0200L2-PINOSUAREZ,14,00:20:45,00:20:45
02100L2000_0,0,0200L2-SANANTONIO,15,00:22:33,00:22:33
02100L2000_0,0,0200L2-CHABACANO,16,00:23:58,00:23:58
02100L2000_0,0,0200L2-VIADUCTO,17,00:25:41,00:25:41
02100L2000_0,0,0200L2-XOLA,18,00:26:51,00:26:51
02100L2000_0,0,0200L2-VILLADECORT,19,00:28:26,00:28:26
02100L2000_0,0,0200L2-NATIVITAS,20,00:29:59,00:29:59
02100L2000_0,0,0200L2-PORTALES,21,00:32:05,00:32:05
02100L2000_0,0,0200L2-ERMITA,22,00:33:44,00:33:44
02100L2000_0,0,0200L2-GRALANAYA,23,00:35:34,00:35:34
02100L2000_0,0,0200L2-TASQUENA,24,00:38:21,00:38:21
02100L2000_1,0,0200L2-TASQUENA,1,00:00:00,00:00:00
02100L2000_1,0,0200L2-GRALANAYA,2,00:02:47,00:02:47
02100L2000_1,0,0200L2-ERMITA,3,00:04:37,00:04:37
02100L2000_1,0,0200L2-PORTALES,4,00:06:16,00:06:16
02100L2000_1,0,0200L2-NATIVITAS,5,00:08:22,00:08:22
02100L2000_1,0,0200L2-VILLADECORT,6,00:09:55,00:09:55
02100L2000_1,0,0200L2-XOLA,7,00:11:30,00:11:30
02100L2000_1,0,0200L2-VIADUCTO,8,00:12:40,00:12:40
02100L2000_1,0,0200L2-CHABACANO,9,00:14:23,00:14:23
02100L2000_1,0,0200L2-SANANTONIO,10,00:15:48,00:15:48
02100L2000_1,0,0200L2-PINOSUAREZ,11,00:17:36,00:17:36
02100L2000_1,0,0200L2-ZOCALO,12,00:19:16,00:19:16
02100L2000_1,0,0200L2-ALLENDE,13,00:20:39,00:20:39
02100L2000_1,0,0200L2-BELLASARTES,14,00:21:35,00:21:35
02100L2000_1,0,0200L2-HIDALGO,15,00:22:42,00:22:42
02100L2000_1,0,0200L2-REVOLUCION,16,00:24:06,00:24:06
02100L2000_1,0,0200L2-SANCOSME,17,00:25:28,00:25:28
02100L2000_1,0,0200L2-NORMAL,18,00:26:52,00:26:52
02100L2000_1,0,0200L2-COLMILITAR,19,00:28:12,00:28:12
02100L2000_1,0,0200L2-POPOTLA,20,00:29:15,00:29:15
02100L2000_1,0,0200L2-CUITLAHUAC,21,00:30:43,00:30:43
02100L2000_1,0,0200L2-TACUBA,22,00:32:07,00:32:07
02100L2000_1,0,0200L2-PANTEONES,23,00:35:02,00:35:02
02100L2000_1,0,0200L2-CUATROCAMIN,24,00:38:21,00:38:21
02100L3000_0,0,0200L3-INDIOSVERD,1,00:00:00,00:00:00
02100L3000_0,0,0200L3-DTVO18MARZO,2,00:02:25,00:02:25
02100L3000_0,0,0200L3-POTRERO,3,00:04:27,00:04:27
02100L3000_0,0,0200L3-LARAZA,4,00:06:40,00:06:40
02100L3000_0,0,0200L3-TLATELOLCO,5,00:09:39,00:09:39
02100L3000_0,0,0200L3-GUERRERO,6,00:11:47,00:11:47
02100L3000_0,0,0200L3-HIDALGO,7,00:13:18,00:13:18
02100L3000_0,0,0200L3-JUAREZ,8,00:14:09,00:14:09
02100L3000_0,0,0200L3-BALDERAS,9,00:15:33,00:15:33
02100L3000_0,0,0200L3-NINOSHEROES,10,00:16:59,00:16:59
02100L3000_0,0,0200L3-HOSPITALGRAL,11,00:18:24,00:18:24
02100L3000_0,0,0200L3-CENTROMEDICO,12,00:19:46,00:19:46
02100L3000_0,0,0200L3-ETIOPIA,13,00:22:10,00:22:10
02100L3000_0,0,0200L3-EUGENIA,14,00:24:09,00:24:09
02100L3000_0,0,0200L3-DIVISIONNTE,15,00:25:38,00:25:38
02100L3000_0,0,0200L3-ZAPATA,16,00:27:31,00:27:31
02100L3000_0,0,0200L3-COYOACAN,17,00:29:51,00:29:51
02100L3000_0,0,0200L3-VIVEROS,18,00:31:45,00:31:45
02100L3000_0,0,0200L3-MAQ,19,00:33:33,00:33:33
02100L3000_0,0,0200L3-COPILCO,20,00:36:15,00:36:15
02100L3000_0,0,0200L3-UNIVERSIDAD,21,00:38:53,00:38:53
02100L3000_1,0,0200L3-UNIVERSIDAD,1,00:00:00,00:00:00
02100L3000_1,0,0200L3-COPILCO,2,00:02:38,00:02:38
02100L3000_1,0,0200L3-MAQ,3,00:05:20,00:05:20
02100L3000_1,0,0200L3-VIVEROS,4,00:07:08,00:07:08
02100L3000_1,0,0200L3-COYOACAN,5,00:09:02,00:09:02
02100L3000_1,0,0200L3-ZAPATA,6,00:11:22,00:11:22
02100L3000_1,0,0200L3-DIVISIONNTE,7,00:13:15,00:13:15
02100L3000_1,0,0200L3-EUGENIA,8,00:14:44,00:14:44
02100L3000_1,0,0200L3-ETIOPIA,9,00:16:43,00:16:43
02100L3000_1,0,0200L3-CENTROMEDICO,10,00:19:07,00:19:07
02100L3000_1,0,0200L3-HOSPITALGRAL,11,00:20:29,00:20:29
02100L3000_1,0,0200L3-NINOSHEROES,12,00:21:54,00:21:54
02100L3000_1,0,0200L3-BALDERAS,13,00:23:20,00:23:20
02100L3000_1,0,0200L3-JUAREZ,14,00:24:44,00:24:44
02100L3000_1,0,0200L3-HIDALGO,15,00:25:35,00:25:35
02100L3000_1,0,0200L3-GUERRERO,16,00:27:06,00:27:06
02100L3000_1,0,0200L3-TLATELOLCO,17,00:29:14,00:29:14
02100L3000_1,0,0200L3-LARAZA,18,00:32:13,00:32:13
02100L3000_1,0,0200L3-POTRERO,19,00:34:26,00:34:26
02100L3000_1,0,0200L3-DTVO18MARZO,20,00:36:28,00:36:28
02100L3000_1,0,0200L3-INDIOSVERD,21,00:38:53,00:38:53
02100L4000_0,0,0200L4-SNTAANITA,1,00:00:00,00:00:00
02100L4000_0,0,0200L4-JAMAICA,2,00:01:30,00:01:30
02100L4000_0,0,0200L4-FRAYSERVANDO,3,00:03:31,00:03:31
02100L4000_0,0,0200L4-CANDELARIA,4,00:04:52,00:04:52
02100L4000_0,0,0200L4-MORELOS,5,00:06:56,00:06:56
02100L4000_0,0,0200L4-CANALNTE,6,00:08:43,00:08:43
02100L4000_0,0,0200L4-CONSULADO,7,00:10:28,00:10:28
02100L4000_0,0,0200L4-BONDOJITO,8,00:11:45,00:11:45
02100L4000_0,0,0200L4-TALISMAN,9,00:13:43,00:13:43
02100L4000_0,0,0200L4-MARTINCARR,10,00:15:52,00:15:52
02100L4000_1,0,0200L4-MARTINCARR,1,00:00:00,00:00:00
02100L4000_1,0,0200L4-TALISMAN,2,00:02:09,00:02:09
02100L4000_1,0,0200L4-BONDOJITO,3,00:04:07,00:04:07
02100L4000_1,0,0200L4-CONSULADO,4,00:05:24,00:05:24
02100L4000_1,0,0200L4-CANALNTE,5,00:07:09,00:07:09
02100L4000_1,0,0200L4-MORELOS,6,00:08:56,00:08:56
02100L4000_1,0,0200L4-CANDELARIA,7,00:11:00,00:11:00
02100L4000_1,0,0200L4-FRAYSERVANDO,8,00:12:21,00:12:21
02100L4000_1,0,0200L4-JAMAICA,9,00:14:22,00:14:22
02100L4000_1,0,0200L4-SNTAANITA,10,00:15:52,00:15:52
02100L5000_0,0,0200L5-POLITECNICO,1,00:00:00,00:00:00
02100L5000_0,0,0200L5-ITOPETROLEO,2,00:02:15,00:02:15
02100L5000_0,0,0200L5-AUTOBUSESNTE,3,00:04:17,00:04:17
02100L5000_0,0,0200L5-LARAZA,4,00:06:11,00:06:11
02100L5000_0,0,0200L5-MISTERIOS,5,00:07:51,00:07:51
02100L5000_0,0,0200L5-VALLEGOMEZ,6,00:09:55,00:09:55
02100L5000_0,0,0200L5-CONSULADO,7,00:11:11,00:11:11
02100L5000_0,0,0200L5-EDUARDOMOLI,8,00:12:48,00:12:48
02100L5000_0,0,0200L5-ARAGON,9,00:14:30,00:14:30
02100L5000_0,0,0200L5-OCEANIA,10,00:16:44,00:16:44
02100L5000_0,0,0200L5-TNALAEREA,11,00:18:54,00:18:54
02100L5000_0,0,0200L5-HANGARES,12,00:21:14,00:21:14
02100L5000_0,0,0200L5-PANTITLAN,13,00:24:14,00:24:14
02100L5000_1,0,0200L5-PANTITLAN,1,00:00:00,00:00:00
02100L5000_1,0,0200L5-HANGARES,2,00:03:00,00:03:00
02100L5000_1,0,0200L5-TNALAEREA,3,00:05:20,00:05:20
02100L5000_1,0,0200L5-OCEANIA,4,00:07:30,00:07:30
02100L5000_1,0,0200L5-ARAGON,5,00:09:44,00:09:44
02100L5000_1,0,0200L5-EDUARDOMOLI,6,00:11:26,00:11:26
02100L5000_1,0,0200L5-CONSULADO,7,00:13:03,00:13:03
02100L5000_1,0,0200L5-VALLEGOMEZ,8,00:14:19,00:14:19
02100L5000_1,0,0200L5-MISTERIOS,9,00:16:23,00:16:23
02100L5000_1,0,0200L5-LARAZA,10,00:18:03,00:18:03
02100L5000_1,0,0200L5-AUTOBUSESNTE,11,00:19:57,00:19:57
02100L5000_1,0,0200L5-ITOPETROLEO,12,00:21:59,00:21:59
02100L5000_1,0,0200L5-POLITECNICO,13,00:24:14,00:24:14
02100L6000_0,0,0200L6-ELROSARIO,1,00:00:00,00:00:00
02100L6000_0,0,0200L6-TEZOZOMOC,2,00:02:11,00:02:11
02100L6000_0,0,0200L6-AZCAPOTZALCO,3,00:03:56,00:03:56
02100L6000_0,0,0200L6-FERRERIA,4,00:05:58,00:05:58
02100L6000_0,0,0200L6-NORTE45,5,00:07:53,00:07:53
02100L6000_0,0,0200L6-VALLEJO,6,00:09:11,00:09:11
02100L6000_0,0,0200L6-ITOPETROLEO,7,00:10:35,00:10:35
02100L6000_0,0,0200L6-LINDAVISTA,8,00:12:47,00:12:47
02100L6000_0,0,0200L6-DTVO18MARZO,9,00:14:36,00:14:36
02100L6000_0,0,0200L6-LAVILLA,10,00:15:46,00:15:46
02100L6000_0,0,0200L6-MARTINCARR,11,00:17:43,00:17:43
02100L6000_1,0,0200L6-MARTINCARR,1,00:00:00,00:00:00
02100L6000_1,0,0200L6-LAVILLA,2,00:01:57,00:01:57
02100L6000_1,0,0200L6-DTVO18MARZO,3,00:03:07,00:03:07
02100L6000_1,0,0200L6-LINDAVISTA,4,00:04:56,00:04:56
02100L6000_1,0,0200L6-ITOPETROLEO,5,00:07:08,00:07:08
02100L6000_1,0,0200L6-VALLEJO,6,00:08:32,00:08:32
02100L6000_1,0,0200L6-NORTE45,7,00:09:50,00:09:50
02100L6000_1,0,0200L6-FERRERIA,8,00:11:45,00:11:45
02100L6000_1,0,0200L6-AZCAPOTZALCO,9,00:13:47,00:13:47
02100L6000_1,0,0200L6-TEZOZOMOC,10,00:15:32,00:15:32
02100L6000_1,0,0200L6-ELROSARIO,11,00:17:43,00:17:43
02100L7000_0,0,0200L7-ELROSARIO,1,00:00:00,00:00:00
02100L7000_0,0,0200L7-AQUILESSERD,2,00:02:56,00:02:56
02100L7000_0,0,0200L7-CAMARONES,3,00:05:22,00:05:22
02100L7000_0,0,0200L7-REFINERIA,4,00:07:06,00:07:06
02100L7000_0,0,0200L7-TACUBA,5,00:09:28,00:09:28
02100L7000_0,0,0200L7-SANJOAQUIN,6,00:12:02,00:12:02
02100L7000_0,0,0200L7-POLANCO,7,00:14:10,00:14:10
02100L7000_0,0,0200L7-AUDITORIO,8,00:15:34,00:15:34
02100L7000_0,0,0200L7-CONSTITUYENTES,9,00:18:15,00:18:15
02100L7000_0,0,0200L7-TACUBAYA,10,00:20:08,00:20:08
02100L7000_0,0,0200L7-SANPEDROPINOS,11,00:22:09,00:22:09
02100L7000_0,0,0200L7-SANANTONIO,12,00:23:26,00:23:26
02100L7000_0,0,0200L7-MIXCOAC,13,00:24:53,00:24:53
02100L7000_0,0,0200L7-BARRANCA,14,00:27:33,00:27:33
02100L7000_1,0,0200L7-BARRANCA,1,00:00:00,00:00:00
02100L7000_1,0,0200L7-MIXCOAC,2,00:02:40,00:02:40
02100L7000_1,0,0200L7-SANANTONIO,3,00:04:07,00:04:07
02100L7000_1,0,0200L7-SANPEDROPINOS,4,00:05:24,00:05:24
02100L7000_1,0,0200L7-TACUBAYA,5,00:07:25,00:07:25
02100L7000_1,0,0200L7-CONSTITUYENTES,6,00:09:18,00:09:18
02100L7000_1,0,0200L7-AUDITORIO,7,00:11:59,00:11:59
02100L7000_1,0,0200L7-POLANCO,8,00:13:23,00:13:23
02100L7000_1,0,0200L7-SANJOAQUIN,9,00:15:31,00:15:31
02100L7000_1,0,0200L7-TACUBA,10,00:18:05,00:18:05
02100L7000_1,0,0200L7-REFINERIA,11,00:20:27,00:20:27
02100L7000_1,0,0200L7-CAMARONES,12,00:22:11,00:22:11
02100L7000_1,0,0200L7-AQUILESSERD,13,00:24:37,00:24:37
02100L7000_1,0,0200L7-ELROSARIO,14,00:27:33,00:27:33
02100L8000_0,0,0200L8-GARIBALDI,1,00:00:00,00:00:00
02100L8000_0,0,0200L8-BELLASARTES,2,00:01:23,00:01:23
02100L8000_0,0,0200L8-SANJUANLETRAN,3,00:02:26,00:02:26
02100L8000_0,0,0200L8-SALTOAGUA,4,00:03:11,00:03:11
02100L8000_0,0,0200L8-DOCTORES,5,00:04:24,00:04:24
02100L8000_0,0,0200L8-OBRERA,6,00:06:01,00:06:01
02100L8000_0,0,0200L8-CHABACANO,7,00:08:17,00:08:17
02100L8000_0,0,0200L8-LAVIGA,8,00:09:58,00:09:58
02100L8000_0,0,0200L8-STAANITA,9,00:11:20,00:11:20
02100L8000_0,0,0200L8-COYUYA,10,00:13:22,00:13:22
02100L8000_0,0,0200L8-IZTACALCO,11,00:15:22,00:15:22
02100L8000_0,0,0200L8-APATLACO,12,00:17:13,00:17:13
02100L8000_0,0,0200L8-ACULCO,13,00:18:24,00:18:24
02100L8000_0,0,0200L8-ESCUADRON,14,00:20:03,00:20:03
02100L8000_0,0,0200L8-ATLALILCO,15,00:23:21,00:23:21
02100L8000_0,0,0200L8-IZTAPALAPA,16,00:24:50,00:24:50
02100L8000_0,0,0200L8-CERROESTRELLA,17,00:26:26,00:26:26
02100L8000_0,0,0200L8-UAM-I,18,00:28:38,00:28:38
02100L8000_0,0,0200L8-CONST1917,19,00:30:53,00:30:53
02100L8000_1,0,0200L8-CONST1917,1,00:00:00,00:00:00
02100L8000_1,0,0200L8-UAM-I,2,00:02:15,00:02:15
02100L8000_1,0,0200L8-CERROESTRELLA,3,00:04:27,00:04:27
02100L8000_1,0,0200L8-IZTAPALAPA,4,00:06:03,00:06:03
02100L8000_1,0,0200L8-ATLALILCO,5,00:07:32,00:07:32
02100L8000_1,0,0200L8-ESCUADRON,6,00:10:50,00:10:50
02100L8000_1,0,0200L8-ACULCO,7,00:12:29,00:12:29
02100L8000_1,0,0200L8-APATLACO,8,00:13:40,00:13:40
02100L8000_1,0,0200L8-IZTACALCO,9,00:15:31,00:15:31
02100L8000_1,0,0200L8-COYUYA,10,00:17:31,00:17:31
02100L8000_1,0,0200L8-STAANITA,11,00:19:33,00:19:33
02100L8000_1,0,0200L8-LAVIGA,12,00:20:55,00:20:55
02100L8000_1,0,0200L8-CHABACANO,13,00:22:36,00:22:36
02100L8000_1,0,0200L8-OBRERA,14,00:24:52,00:24:52
02100L8000_1,0,0200L8-DOCTORES,15,00:26:29,00:26:29
02100L8000_1,0,0200L8-SALTOAGUA,16,00:27:42,00:27:42
02100L8000_1,0,0200L8-SANJUANLETRAN,17,00:28:27,00:28:27
02100L8000_1,0,0200L8-BELLASARTES,18,00:29:30,00:29:30
02100L8000_1,0,0200L8-GARIBALDI,19,00:30:53,00:30:53
02100L9000_0,0,0200L9-PANTITLAN,1,00:00:00,00:00:00
02100L9000_0,0,0200L9-PUEBLA,2,00:02:47,00:02:47
02100L9000_0,0,0200L9-CIUDADDVA,3,00:04:29,00:04:29
02100L9000_0,0,0200L9-VELODROMO,4,00:06:46,00:06:46
02100L9000_0,0,0200L9-MIXIUHCA,5,00:08:38,00:08:38
02100L9000_0,0,0200L9-JAMAICA,6,00:10:25,00:10:25
02100L9000_0,0,0200L9-CHABACANO,7,00:12:37,00:12:37
02100L9000_0,0,0200L9-LAZAROCAR,8,00:14:40,00:14:40
02100L9000_0,0,0200L9-CENTROMEDICO,9,00:16:50,00:16:50
02100L9000_0,0,0200L9-CHILPANCINGO,10,00:19:12,00:19:12
02100L9000_0,0,0200L9-PATRIOTISMO,11,00:21:11,00:21:11
02100L9000_0,0,0200L9-TACUBAYA,12,00:23:21,00:23:21
02100L9000_1,0,0200L9-TACUBAYA,1,00:00:00,00:00:00
02100L9000_1,0,0200L9-PATRIOTISMO,2,00:02:47,00:02:47
02100L9000_1,0,0200L9-CHILPANCINGO,3,00:04:29,00:04:29
02100L9000_1,0,0200L9-CENTROMEDICO,4,00:06:46,00:06:46
02100L9000_1,0,0200L9-LAZAROCAR,5,00:08:38,00:08:38
02100L9000_1,0,0200L9-CHABACANO,6,00:10:25,00:10:25
02100L9000_1,0,0200L9-JAMAICA,7,00:12:37,00:12:37
02100L9000_1,0,0200L9-MIXIUHCA,8,00:14:40,00:14:40
02100L9000_1,0,0200L9-VELODROMO,9,00:16:50,00:16:50
02100L9000_1,0,0200L9-CIUDADDVA,10,00:19:12,00:19:12
02100L9000_1,0,0200L9-PUEBLA,11,00:21:11,00:21:11
02100L9000_1,0,0200L9-PANTITLAN,12,00:23:21,00:23:21
02100LA000_0,0,0200LA-PANTITLAN,1,00:00:00,00:00:00
02100LA000_0,0,0200LA-AGRICOLA,2,00:02:33,00:02:33
02100LA000_0,0,0200LA-CANALSANJUAN,3,00:04:36,00:04:36
02100LA000_0,0,0200LA-TEPALCATES,4,00:07:15,00:07:15
02100LA000_0,0,0200LA-GUELATAO,5,00:09:24,00:09:24
02100LA000_0,0,0200LA-PENONVIEJO,6,00:13:17,00:13:17
02100LA000_0,0,0200LA-ACATITLA,7,00:15:48,00:15:48
02100LA000_0,0,0200LA-STAMARTA,8,00:17:51,00:17:51
02100LA000_0,0,0200LA-LOSREYES,9,00:21:02,00:21:02
02100LA000_0,0,0200LA-LAPAZ,10,00:24:30,00:24:30
02100LA000_1,0,0200LA-LAPAZ,1,00:00:00,00:00:00
02100LA000_1,0,0200LA-LOSREYES,2,00:03:28,00:03:28
02100LA000_1,0,0200LA-STAMARTA,3,00:06:39,00:06:39
02100LA000_1,0,0200LA-ACATITLA,4,00:08:42,00:08:42
02100LA000_1,0,0200LA-PENONVIEJO,5,00:11:13,00:11:13
02100LA000_1,0,0200LA-GUELATAO,6,00:15:06,00:15:06
02100LA000_1,0,0200LA-TEPALCATES,7,00:17:15,00:17:15
02100LA000_1,0,0200LA-CANALSANJUAN,8,00:19:54,00:19:54
02100LA000_1,0,0200LA-AGRICOLA,9,00:21:57,00:21:57
02100LA000_1,0,0200LA-PANTITLAN,10,00:24:30,00:24:30
02100LB000_0,0,0200LB-BUENAVISTA,1,00:00:00,00:00:00
02100LB000_0,0,0200LB-GUERRERO,2,00:01:15,00:01:15
02100LB000_0,0,0200LB-GARIBALDI,3,00:02:55,00:02:55
02100LB000_0,0,0200LB-LAGUNILLA,4,00:04:26,00:04:26
02100LB000_0,0,0200LB-TEPITO,5,00:05:39,00:05:39
02100LB000_0,0,0200LB-MORELOS,6,00:06:52,00:06:52
02100LB000_0,0,0200LB-SANLAZARO,7,00:09:30,00:09:30
02100LB000_0,0,0200LB-RFLORESMAGON,8,00:11:32,00:11:32
02100LB000_0,0,0200LB-ROMERORUBIO,9,00:13:37,00:13:37
02100LB000_0,0,0200LB-OCEANIA,10,00:15:20,00:15:20
02100LB000_0,0,0200LB-DPVOOCEANIA,11,00:17:16,00:17:16
02100LB000_0,0,0200LB-BOSQUEARAGON,12,00:19:45,00:19:45
02100LB000_0,0,0200LB-VILLAARAGON,13,00:21:31,00:21:31
02100LB000_0,0,0200LB-NEZAHUALCO,14,00:24:20,00:24:20
02100LB000_0,0,0200LB-IMPULSORA,15,00:27:15,00:27:15
02100LB000_0,0,0200LB-RIOREMEDIOS,16,00:28:22,00:28:22
02100LB000_0,0,0200LB-MUZQUIZ,17,00:30:49,00:30:49
02100LB000_0,0,0200LB-ECATEPEC,18,00:33:55,00:33:55
02100LB000_0,0,0200LB-OLIMPICA,19,00:35:20,00:35:20
02100LB000_0,0,0200LB-PLAZAARAGON,20,00:36:57,00:36:57
02100LB000_0,0,0200LB-CIUDADAZTECA,21,00:38:19,00:38:19
02100LB000_1,0,0200LB-CIUDADAZTECA,1,00:00:00,00:00:00
02100LB000_1,0,0200LB-PLAZAARAGON,2,00:01:22,00:01:22
02100LB000_1,0,0200LB-OLIMPICA,3,00:02:59,00:02:59
02100LB000_1,0,0200LB-ECATEPEC,4,00:04:24,00:04:24
02100LB000_1,0,0200LB-MUZQUIZ,5,00:07:30,00:07:30
02100LB000_1,0,0200LB-RIOREMEDIOS,6,00:09:57,00:09:57
02100LB000_1,0,0200LB-IMPULSORA,7,00:11:04,00:11:04
02100LB000_1,0,0200LB-NEZAHUALCO,8,00:13:59,00:13:59
02100LB000_1,0,0200LB-VILLAARAGON,9,00:16:48,00:16:48
02100LB000_1,0,0200LB-BOSQUEARAGON,10,00:18:34,00:18:34
02100LB000_1,0,0200LB-DPVOOCEANIA,11,00:21:03,00:21:03
02100LB000_1,0,0200LB-OCEANIA,12,00:22:59,00:22:59
02100LB000_1,0,0200LB-ROMERORUBIO,13,00:24:42,00:24:42
02100LB000_1,0,0200LB-RFLORESMAGON,14,00:26:47,00:26:47
02100LB000_1,0,0200LB-SANLAZARO,15,00:28:49,00:28:49
02100LB000_1,0,0200LB-MORELOS,16,00:31:27,00:31:27
02100LB000_1,0,0200LB-TEPITO,17,00:32:40,00:32:40
02100LB000_1,0,0200LB-LAGUNILLA,18,00:33:53,00:33:53
02100LB000_1,0,0200LB-GARIBALDI,19,00:35:24,00:35:24
02100LB000_1,0,0200LB-GUERRERO,20,00:37:04,00:37:04
02100LB000_1,0,0200LB-BUENAVISTA,21,00:38:19,00:38:19
02200L1000_0,0,0200L1-OBSERVATORIO,1,00:00:00,00:00:00
02200L1000_0,0,0200L1-TACUBAYA,2,00:02:50,00:02:50
02200L1000_0,0,0200L1-JUANACATLAN,3,00:05:24,00:05:24
02200L1000_0,0,0200L1-CHAPULTEPEC,4,00:07:36,00:07:36
02200L1000_0,0,0200L1-SEVILLA,5,00:08:43,00:08:43
02200L1000_0,0,0200L1-INSURGENTES,6,00:10:22,00:10:22
02200L1000_0,0,0200L1-CUAUHTEMOC,7,00:12:13,00:12:13
02200L1000_0,0,0200L1-BALDERAS,8,00:13:18,00:13:18
02200L1000_0,0,0200L1-SALTODELAGUA,9,00:14:34,00:14:34
02200L1000_0,0,0200L1-ISABELLACA,10,00:15:43,00:15:43
02200L1000_0,0,0200L1-PINOSUAREZ,11,00:16:47,00:16:47
02200L1000_0,0,0200L1-MERCED,12,00:18:23,00:18:23
02200L1000_0,0,0200L1-CANDELARIA,13,00:20:04,00:20:04
02200L1000_0,0,0200L1-SANLAZARO,14,00:22:08,00:22:08
02200L1000_0,0,0200L1_MOCTEZUMA,15,00:23:19,00:23:19
02200L1000_0,0,0200L1-BALBUENA,16,00:24:57,00:24:57
02200L1000_0,0,0200L1-PTOAEREO,17,00:26:29,00:26:29
02200L1000_0,0,0200L1-GOMEZFARIAS,18,00:27:56,00:27:56
02200L1000_0,0,0200L1-ZARAGOZA,19,00:29:50,00:29:50
02200L1000_0,0,0200L1-PANTITLAN,20,00:32:38,00:32:38
02200L1000_1,0,0200L1-PANTITLAN,1,00:00:00,00:00:00
02200L1000_1,0,0200L1-ZARAGOZA,2,00:02:48,00:02:48
02200L1000_1,0,0200L1-GOMEZFARIAS,3,00:04:42,00:04:42
02200L1000_1,0,0200L1-PTOAEREO,4,00:06:09,00:06:09
02200L1000_1,0,0200L1-BALBUENA,5,00:07:41,00:07:41
02200L1000_1,0,0200L1_MOCTEZUMA,6,00:09:19,00:09:19
02200L1000_1,0,0200L1-SANLAZARO,7,00:10:30,00:10:30
02200L1000_1,0,0200L1-CANDELARIA,8,00:12:34,00:12:34
02200L1000_1,0,0200L1-MERCED,9,00:14:15,00:14:15
02200L1000_1,0,0200L1-PINOSUAREZ,10,00:15:51,00:15:51
02200L1000_1,0,0200L1-ISABELLACA,11,00:16:55,00:16:55
02200L1000_1,0,0200L1-SALTODELAGUA,12,00:18:04,00:18:04
02200L1000_1,0,0200L1-BALDERAS,13,00:19:20,00:19:20
02200L1000_1,0,0200L1-CUAUHTEMOC,14,00:20:25,00:20:25
02200L1000_1,0,0200L1-INSURGENTES,15,00:22:16,00:22:16
02200L1000_1,0,0200L1-SEVILLA,16,00:23:55,00:23:55
02200L1000_1,0,0200L1-CHAPULTEPEC,17,00:25:02,00:25:02
02200L1000_1,0,0200L1-JUANACATLAN,18,00:27:14,00:27:14
02200L1000_1,0,0200L1-TACUBAYA,19,00:29:48,00:29:48
02200L1000_1,0,0200L1-OBSERVATORIO,20,00:32:38,00:32:38
02200L2000_0,0,0200L2-CUATROCAMIN,1,00:00:00,00:00:00
02200L2000_0,0,0200L2-PANTEONES,2,00:03:19,00:03:19
02200L2000_0,0,0200L2-TACUBA,3,00:06:14,00:06:14
02200L2000_0,0,0200L2-CUITLAHUAC,4,00:07:38,00:07:38
02200L2000_0,0,0200L2-POPOTLA,5,00:09:06,00:09:06
02200L2000_0,0,0200L2-COLMILITAR,6,00:10:09,00:10:09
02200L2000_0,0,0200L2-NORMAL,7,00:11:29,00:11:29
02200L2000_0,0,0200L2-SANCOSME,8,00:12:53,00:12:53
02200L2000_0,0,0200L2-REVOLUCION,9,00:14:15,00:14:15
02200L2000_0,0,0200L2-HIDALGO,10,00:15:39,00:15:39
02200L2000_0,0,0200L2-BELLASARTES,11,00:16:46,00:16:46
02200L2000_0,0,0200L2-ALLENDE,12,00:17:42,00:17:42
02200L2000_0,0,0200L2-ZOCALO,13,00:19:05,00:19:05
02200L2000_0,0,0200L2-PINOSUAREZ,14,00:20:45,00:20:45
02200L2000_0,0,0200L2-SANANTONIO,15,00:22:33,00:22:33
02200L2000_0,0,0200L2-CHABACANO,16,00:23:58,00:23:58
02200L2000_0,0,0200L2-VIADUCTO,17,00:25:41,00:25:41
02200L2000_0,0,0200L2-XOLA,18,00:26:51,00:26:51
02200L2000_0,0,0200L2-VILLADECORT,19,00:28:26,00:28:26
02200L2000_0,0,0200L2-NATIVITAS,20,00:29:59,00:29:59
02200L2000_0,0,0200L2-PORTALES,21,00:32:05,00:32:05
02200L2000_0,0,0200L2-ERMITA,22,00:33:44,00:33:44
02200L2000_0,0,0200L2-GRALANAYA,23,00:35:34,00:35:34
02200L2000_0,0,0200L2-TASQUENA,24,00:38:21,00:38:21
02200L2000_1,0,0200L2-TASQUENA,1,00:00:00,00:00:00
02200L2000_1,0,0200L2-GRALANAYA,2,00:02:47,00:02:47
02200L2000_1,0,0200L2-ERMITA,3,00:04:37,00:04:37
02200L2000_1,0,0200L2-PORTALES,4,00:06:16,00:06:16
02200L2000_1,0,0200L2-NATIVITAS,5,00:08:22,00:08:22
02200L2000_1,0,0200L2-VILLADECORT,6,00:09:55,00:09:55
02200L2000_1,0,0200L2-XOLA,7,00:11:30,00:11:30
02200L2000_1,0,0200L2-VIADUCTO,8,00:12:40,00:12:40
02200L2000_1,0,0200L2-CHABACANO,9,00:14:23,00:14:23
02200L2000_1,0,0200L2-SANANTONIO,10,00:15:48,00:15:48
02200L2000_1,0,0200L2-PINOSUAREZ,11,00:17:36,00:17:36
02200L2000_1,0,0200L2-ZOCALO,12,00:19:16,00:19:16
02200L2000_1,0,0200L2-ALLENDE,13,00:20:39,00:20:39
02200L2000_1,0,0200L2-BELLASARTES,14,00:21:35,00:21:35
02200L2000_1,0,0200L2-HIDALGO,15,00:22:42,00:22:42
02200L2000_1,0,0200L2-REVOLUCION,16,00:24:06,00:24:06
02200L2000_1,0,0200L2-SANCOSME,17,00:25:28,00:25:28
02200L2000_1,0,0200L2-NORMAL,18,00:26:52,00:26:52
02200L2000_1,0,0200L2-COLMILITAR,19,00:28:12,00:28:12
02200L2000_1,0,0200L2-POPOTLA,20,00:29:15,00:29:15
02200L2000_1,0,0200L2-CUITLAHUAC,21,00:30:43,00:30:43
02200L2000_1,0,0200L2-TACUBA,22,00:32:07,00:32:07
02200L2000_1,0,0200L2-PANTEONES,23,00:35:02,00:35:02
02200L2000_1,0,0200L2-CUATROCAMIN,24,00:38:21,00:38:21
02200L3000_0,0,0200L3-INDIOSVERD,1,00:00:00,00:00:00
02200L3000_0,0,0200L3-DTVO18MARZO,2,00:02:25,00:02:25
02200L3000_0,0,0200L3-POTRERO,3,00:04:27,00:04:27
02200L3000_0,0,0200L3-LARAZA,4,00:06:40,00:06:40
02200L3000_0,0,0200L3-TLATELOLCO,5,00:09:39,00:09:39
02200L3000_0,0,0200L3-GUERRERO,6,00:11:47,00:11:47
02200L3000_0,0,0200L3-HIDALGO,7,00:13:18,00:13:18
02200L3000_0,0,0200L3-JUAREZ,8,00:14:09,00:14:09
02200L3000_0,0,0200L3-BALDERAS,9,00:15:33,00:15:33
02200L3000_0,0,0200L3-NINOSHEROES,10,00:16:59,00:16:59
02200L3000_0,0,0200L3-HOSPITALGRAL,11,00:18:24,00:18:24
02200L3000_0,0,0200L3-CENTROMEDICO,12,00:19:46,00:19:46
02200L3000_0,0,0200L3-ETIOPIA,13,00:22:10,00:22:10
02200L3000_0,0,0200L3-EUGENIA,14,00:24:09,00:24:09
02200L3000_0,0,0200L3-DIVISIONNTE,15,00:25:38,00:25:38
02200L3000_0,0,0200L3-ZAPATA,16,00:27:31,00:27:31
02200L3000_0,0,0200L3-COYOACAN,17,00:29:51,00:29:51
02200L3000_0,0,0200L3-VIVEROS,18,00:31:45,00:31:45
02200L3000_0,0,0200L3-MAQ,19,00:33:33,00:33:33
02200L3000_0,0,0200L3-COPILCO,20,00:36:15,00:36:15
02200L3000_0,0,0200L3-UNIVERSIDAD,21,00:38:53,00:38:53
02200L3000_1,0,0200L3-UNIVERSIDAD,1,00:00:00,00:00:00
02200L3000_1,0,0200L3-COPILCO,2,00:02:38,00:02:38
02200L3000_1,0,0200L3-MAQ,3,00:05:20,00:05:20
02200L3000_1,0,0200L3-VIVEROS,4,00:07:08,00:07:08
02200L3000_1,0,0200L3-COYOACAN,5,00:09:02,00:09:02
02200L3000_1,0,0200L3-ZAPATA,6,00:11:22,00:11:22
02200L3000_1,0,0200L3-DIVISIONNTE,7,00:13:15,00:13:15
02200L3000_1,0,0200L3-EUGENIA,8,00:14:44,00:14:44
02200L3000_1,0,0200L3-ETIOPIA,9,00:16:43,00:16:43
02200L3000_1,0,0200L3-CENTROMEDICO,10,00:19:07,00:19:07
02200L3000_1,0,0200L3-HOSPITALGRAL,11,00:20:29,00:20:29
02200L3000_1,0,0200L3-NINOSHEROES,12,00:21:54,00:21:54
02200L3000_1,0,0200L3-BALDERAS,13,00:23:20,00:23:20
02200L3000_1,0,0200L3-JUAREZ,14,00:24:44,00:24:44
02200L3000_1,0,0200L3-HIDALGO,15,00:25:35,00:25:35
02200L3000_1,0,0200L3-GUERRERO,16,00:27:06,00:27:06
02200L3000_1,0,0200L3-TLATELOLCO,17,00:29:14,00:29:14
02200L3000_1,0,0200L3-LARAZA,18,00:32:13,00:32:13
02200L3000_1,0,0200L3-POTRERO,19,00:34:26,00:34:26
02200L3000_1,0,0200L3-DTVO18MARZO,20,00:36:28,00:36:28
02200L3000_1,0,0200L3-INDIOSVERD,21,00:38:53,00:38:53
02200L4000_0,0,0200L4-SNTAANITA,1,00:00:00,00:00:00
02200L4000_0,0,0200L4-JAMAICA,2,00:01:30,00:01:30
02200L4000_0,0,0200L4-FRAYSERVANDO,3,00:03:31,00:03:31
02200L4000_0,0,0200L4-CANDELARIA,4,00:04:52,00:04:52
02200L4000_0,0,0200L4-MORELOS,5,00:06:56,00:06:56
02200L4000_0,0,0200L4-CANALNTE,6,00:08:43,00:08:43
02200L4000_0,0,0200L4-CONSULADO,7,00:10:28,00:10:28
02200L4000_0,0,0200L4-BONDOJITO,8,00:11:45,00:11:45
02200L4000_0,0,0200L4-TALISMAN,9,00:13:43,00:13:43
02200L4000_0,0,0200L4-MARTINCARR,10,00:15:52,00:15:52
02200L4000_1,0,0200L4-MARTINCARR,1,00:00:00,00:00:00
02200L4000_1,0,0200L4-TALISMAN,2,00:02:09,00:02:09
02200L4000_1,0,0200L4-BONDOJITO,3,00:04:07,00:04:07
02200L4000_1,0,0200L4-CONSULADO,4,00:05:24,00:05:24
02200L4000_1,0,0200L4-CANALNTE,5,00:07:09,00:07:09
02200L4000_1,0,0200L4-MORELOS,6,00:08:56,00:08:56
02200L4000_1,0,0200L4-CANDELARIA,7,00:11:00,00:11:00
02200L4000_1,0,0200L4-FRAYSERVANDO,8,00:12:21,00:12:21
02200L4000_1,0,0200L4-JAMAICA,9,00:14:22,00:14:22
02200L4000_1,0,0200L4-SNTAANITA,10,00:15:52,00:15:52
02200L5000_0,0,0200L5-POLITECNICO,1,00:00:00,00:00:00
02200L5000_0,0,0200L5-ITOPETROLEO,2,00:02:15,00:02:15
02200L5000_0,0,0200L5-AUTOBUSESNTE,3,00:04:17,00:04:17
02200L5000_0,0,0200L5-LARAZA,4,00:06:11,00:06:11
02200L5000_0,0,0200L5-MISTERIOS,5,00:07:51,00:07:51
02200L5000_0,0,0200L5-VALLEGOMEZ,6,00:09:55,00:09:55
02200L5000_0,0,0200L5-CONSULADO,7,00:11:11,00:11:11
02200L5000_0,0,0200L5-EDUARDOMOLI,8,00:12:48,00:12:48
02200L5000_0,0,0200L5-ARAGON,9,00:14:30,00:14:30
02200L5000_0,0,0200L5-OCEANIA,10,00:16:44,00:16:44
02200L5000_0,0,0200L5-TNALAEREA,11,00:18:54,00:18:54
02200L5000_0,0,0200L5-HANGARES,12,00:21:14,00:21:14
02200L5000_0,0,0200L5-PANTITLAN,13,00:24:14,00:24:14
02200L5000_1,0,0200L5-PANTITLAN,1,00:00:00,00:00:00
02200L5000_1,0,0200L5-HANGARES,2,00:03:00,00:03:00
02200L5000_1,0,0200L5-TNALAEREA,3,00:05:20,00:05:20
02200L5000_1,0,0200L5-OCEANIA,4,00:07:30,00:07:30
02200L5000_1,0,0200L5-ARAGON,5,00:09:44,00:09:44
02200L5000_1,0,0200L5-EDUARDOMOLI,6,00:11:26,00:11:26
02200L5000_1,0,0200L5-CONSULADO,7,00:13:03,00:13:03
02200L5000_1,0,0200L5-VALLEGOMEZ,8,00:14:19,00:14:19
02200L5000_1,0,0200L5-MISTERIOS,9,00:16:23,00:16:23
02200L5000_1,0,0200L5-LARAZA,10,00:18:03,00:18:03
02200L5000_1,0,0200L5-AUTOBUSESNTE,11,00:19:57,00:19:57
02200L5000_1,0,0200L5-ITOPETROLEO,12,00:21:59,00:21:59
02200L5000_1,0,0200L5-POLITECNICO,13,00:24:14,00:24:14
02200L6000_0,0,0200L6-ELROSARIO,1,00:00:00,00:00:00
02200L6000_0,0,0200L6-TEZOZOMOC,2,00:02:11,00:02:11
02200L6000_0,0,0200L6-AZCAPOTZALCO,3,00:03:56,00:03:56
02200L6000_0,0,0200L6-FERRERIA,4,00:05:58,00:05:58
02200L6000_0,0,0200L6-NORTE45,5,00:07:53,00:07:53
02200L6000_0,0,0200L6-VALLEJO,6,00:09:11,00:09:11
02200L6000_0,0,0200L6-ITOPETROLEO,7,00:10:35,00:10:35
02200L6000_0,0,0200L6-LINDAVISTA,8,00:12:47,00:12:47
02200L6000_0,0,0200L6-DTVO18MARZO,9,00:14:36,00:14:36
02200L6000_0,0,0200L6-LAVILLA,10,00:15:46,00:15:46
02200L6000_0,0,0200L6-MARTINCARR,11,00:17:43,00:17:43
02200L6000_1,0,0200L6-MARTINCARR,1,00:00:00,00:00:00
02200L6000_1,0,0200L6-LAVILLA,2,00:01:57,00:01:57
02200L6000_1,0,0200L6-DTVO18MARZO,3,00:03:07,00:03:07
02200L6000_1,0,0200L6-LINDAVISTA,4,00:04:56,00:04:56
02200L6000_1,0,0200L6-ITOPETROLEO,5,00:07:08,00:07:08
02200L6000_1,0,0200L6-VALLEJO,6,00:08:32,00:08:32
02200L6000_1,0,0200L6-NORTE45,7,00:09:50,00:09:50
02200L6000_1,0,0200L6-FERRERIA,8,00:11:45,00:11:45
02200L6000_1,0,0200L6-AZCAPOTZALCO,9,00:13:47,00:13:47
02200L6000_1,0,0200L6-TEZOZOMOC,10,00:15:32,00:15:32
02200L6000_1,0,0200L6-ELROSARIO,11,00:17:43,00:17:43
02200L7000_0,0,0200L7-ELROSARIO,1,00:00:00,00:00:00
02200L7000_0,0,0200L7-AQUILESSERD,2,00:02:56,00:02:56
02200L7000_0,0,0200L7-CAMARONES,3,00:05:22,00:05:22
02200L7000_0,0,0200L7-REFINERIA,4,00:07:06,00:07:06
02200L7000_0,0,0200L7-TACUBA,5,00:09:28,00:09:28
02200L7000_0,0,0200L7-SANJOAQUIN,6,00:12:02,00:12:02
02200L7000_0,0,0200L7-POLANCO,7,00:14:10,00:14:10
02200L7000_0,0,0200L7-AUDITORIO,8,00:15:34,00:15:34
02200L7000_0,0,0200L7-CONSTITUYENTES,9,00:18:15,00:18:15
02200L7000_0,0,0200L7-TACUBAYA,10,00:20:08,00:20:08
02200L7000_0,0,0200L7-SANPEDROPINOS,11,00:22:09,00:22:09
02200L7000_0,0,0200L7-SANANTONIO,12,00:23:26,00:23:26
02200L7000_0,0,0200L7-MIXCOAC,13,00:24:53,00:24:53
02200L7000_0,0,0200L7-BARRANCA,14,00:27:33,00:27:33
02200L7000_1,0,0200L7-BARRANCA,1,00:00:00,00:00:00
02200L7000_1,0,0200L7-MIXCOAC,2,00:02:40,00:02:40
02200L7000_1,0,0200L7-SANANTONIO,3,00:04:07,00:04:07
02200L7000_1,0,0200L7-SANPEDROPINOS,4,00:05:24,00:05:24
02200L7000_1,0,0200L7-TACUBAYA,5,00:07:25,00:07:25
02200L7000_1,0,0200L7-CONSTITUYENTES,6,00:09:18,00:09:18
02200L7000_1,0,0200L7-AUDITORIO,7,00:11:59,00:11:59
02200L7000_1,0,0200L7-POLANCO,8,00:13:23,00:13:23
02200L7000_1,0,0200L7-SANJOAQUIN,9,00:15:31,00:15:31
02200L7000_1,0,0200L7-TACUBA,10,00:18:05,00:18:05
02200L7000_1,0,0200L7-REFINERIA,11,00:20:27,00:20:27
02200L7000_1,0,0200L7-CAMARONES,12,00:22:11,00:22:11
02200L7000_1,0,0200L7-AQUILESSERD,13,00:24:37,00:24:37
02200L7000_1,0,0200L7-ELROSARIO,14,00:27:33,00:27:33
02200L8000_0,0,0200L8-GARIBALDI,1,00:00:00,00:00:00
02200L8000_0,0,0200L8-BELLASARTES,2,00:01:23,00:01:23
02200L8000_0,0,0200L8-SANJUANLETRAN,3,00:02:26,00:02:26
02200L8000_0,0,0200L8-SALTOAGUA,4,00:03:11,00:03:11
02200L8000_0,0,0200L8-DOCTORES,5,00:04:24,00:04:24
02200L8000_0,0,0200L8-OBRERA,6,00:06:01,00:06:01
02200L8000_0,0,0200L8-CHABACANO,7,00:08:17,00:08:17
02200L8000_0,0,0200L8-LAVIGA,8,00:09:58,00:09:58
02200L8000_0,0,0200L8-STAANITA,9,00:11:20,00:11:20
02200L8000_0,0,0200L8-COYUYA,10,00:13:22,00:13:22
02200L8000_0,0,0200L8-IZTACALCO,11,00:15:22,00:15:22
02200L8000_0,0,0200L8-APATLACO,12,00:17:13,00:17:13
02200L8000_0,0,0200L8-ACULCO,13,00:18:24,00:18:24
02200L8000_0,0,0200L8-ESCUADRON,14,00:20:03,00:20:03
02200L8000_0,0,0200L8-ATLALILCO,15,00:23:21,00:23:21
02200L8000_0,0,0200L8-IZTAPALAPA,16,00:24:50,00:24:50
02200L8000_0,0,0200L8-CERROESTRELLA,17,00:26:26,00:26:26
02200L8000_0,0,0200L8-UAM-I,18,00:28:38,00:28:38
02200L8000_0,0,0200L8-CONST1917,19,00:30:53,00:30:53
02200L8000_1,0,0200L8-CONST1917,1,00:00:00,00:00:00
02200L8000_1,0,0200L8-UAM-I,2,00:02:15,00:02:15
02200L8000_1,0,0200L8-CERROESTRELLA,3,00:04:27,00:04:27
02200L8000_1,0,0200L8-IZTAPALAPA,4,00:06:03,00:06:03
02200L8000_1,0,0200L8-ATLALILCO,5,00:07:32,00:07:32
02200L8000_1,0,0200L8-ESCUADRON,6,00:10:50,00:10:50
02200L8000_1,0,0200L8-ACULCO,7,00:12:29,00:12:29
02200L8000_1,0,0200L8-APATLACO,8,00:13:40,00:13:40
02200L8000_1,0,0200L8-IZTACALCO,9,00:15:31,00:15:31
02200L8000_1,0,0200L8-COYUYA,10,00:17:31,00:17:31
02200L8000_1,0,0200L8-STAANITA,11,00:19:33,00:19:33
02200L8000_1,0,0200L8-LAVIGA,12,00:20:55,00:20:55
02200L8000_1,0,0200L8-CHABACANO,13,00:22:36,00:22:36
02200L8000_1,0,0200L8-OBRERA,14,00:24:52,00:24:52
02200L8000_1,0,0200L8-DOCTORES,15,00:26:29,00:26:29
02200L8000_1,0,0200L8-SALTOAGUA,16,00:27:42,00:27:42
02200L8000_1,0,0200L8-SANJUANLETRAN,17,00:28:27,00:28:27
02200L8000_1,0,0200L8-BELLASARTES,18,00:29:30,00:29:30
02200L8000_1,0,0200L8-GARIBALDI,19,00:30:53,00:30:53
02200L9000_0,0,0200L9-PANTITLAN,1,00:00:00,00:00:00
02200L9000_0,0,0200L9-PUEBLA,2,00:02:47,00:02:47
02200L9000_0,0,0200L9-CIUDADDVA,3,00:04:29,00:04:29
02200L9000_0,0,0200L9-VELODROMO,4,00:06:46,00:06:46
02200L9000_0,0,0200L9-MIXIUHCA,5,00:08:38,00:08:38
02200L9000_0,0,0200L9-JAMAICA,6,00:10:25,00:10:25
02200L9000_0,0,0200L9-CHABACANO,7,00:12:37,00:12:37
02200L9000_0,0,0200L9-LAZAROCAR,8,00:14:40,00:14:40
02200L9000_0,0,0200L9-CENTROMEDICO,9,00:16:50,00:16:50
02200L9000_0,0,0200L9-CHILPANCINGO,10,00:19:12,00:19:12
02200L9000_0,0,0200L9-PATRIOTISMO,11,00:21:11,00:21:11
02200L9000_0,0,0200L9-TACUBAYA,12,00:23:21,00:23:21
02200L9000_1,0,0200L9-TACUBAYA,1,00:00:00,00:00:00
02200L9000_1,0,0200L9-PATRIOTISMO,2,00:02:47,00:02:47
02200L9000_1,0,0200L9-CHILPANCINGO,3,00:04:29,00:04:29
02200L9000_1,0,0200L9-CENTROMEDICO,4,00:06:46,00:06:46
02200L9000_1,0,0200L9-LAZAROCAR,5,00:08:38,00:08:38
02200L9000_1,0,0200L9-CHABACANO,6,00:10:25,00:10:25
02200L9000_1,0,0200L9-JAMAICA,7,00:12:37,00:12:37
02200L9000_1,0,0200L9-MIXIUHCA,8,00:14:40,00:14:40
02200L9000_1,0,0200L9-VELODROMO,9,00:16:50,00:16:50
02200L9000_1,0,0200L9-CIUDADDVA,10,00:19:12,00:19:12
02200L9000_1,0,0200L9-PUEBLA,11,00:21:11,00:21:11
02200L9000_1,0,0200L9-PANTITLAN,12,00:23:21,00:23:21
02200LA000_0,0,0200LA-PANTITLAN,1,00:00:00,00:00:00
02200LA000_0,0,0200LA-AGRICOLA,2,00:02:33,00:02:33
02200LA000_0,0,0200LA-CANALSANJUAN,3,00:04:36,00:04:36
02200LA000_0,0,0200LA-TEPALCATES,4,00:07:15,00:07:15
02200LA000_0,0,0200LA-GUELATAO,5,00:09:24,00:09:24
02200LA000_0,0,0200LA-PENONVIEJO,6,00:13:17,00:13:17
02200LA000_0,0,0200LA-ACATITLA,7,00:15:48,00:15:48
02200LA000_0,0,0200LA-STAMARTA,8,00:17:51,00:17:51
02200LA000_0,0,0200LA-LOSREYES,9,00:21:02,00:21:02
02200LA000_0,0,0200LA-LAPAZ,10,00:24:30,00:24:30
02200LA000_1,0,0200LA-LAPAZ,1,00:00:00,00:00:00
02200LA000_1,0,0200LA-LOSREYES,2,00:03:28,00:03:28
02200LA000_1,0,0200LA-STAMARTA,3,00:06:39,00:06:39
02200LA000_1,0,0200LA-ACATITLA,4,00:08:42,00:08:42
02200LA000_1,0,0200LA-PENONVIEJO,5,00:11:13,00:11:13
02200LA000_1,0,0200LA-GUELATAO,6,00:15:06,00:15:06
02200LA000_1,0,0200LA-TEPALCATES,7,00:17:15,00:17:15
02200LA000_1,0,0200LA-CANALSANJUAN,8,00:19:54,00:19:54
02200LA000_1,0,0200LA-AGRICOLA,9,00:21:57,00:21:57
02200LA000_1,0,0200LA-PANTITLAN,10,00:24:30,00:24:30
02200LB000_0,0,0200LB-BUENAVISTA,1,00:00:00,00:00:00
02200LB000_0,0,0200LB-GUERRERO,2,00:01:15,00:01:15
02200LB000_0,0,0200LB-GARIBALDI,3,00:02:55,00:02:55
02200LB000_0,0,0200LB-LAGUNILLA,4,00:04:26,00:04:26
02200LB000_0,0,0200LB-TEPITO,5,00:05:39,00:05:39
02200LB000_0,0,0200LB-MORELOS,6,00:06:52,00:06:52
02200LB000_0,0,0200LB-SANLAZARO,7,00:09:30,00:09:30
02200LB000_0,0,0200LB-RFLORESMAGON,8,00:11:32,00:11:32
02200LB000_0,0,0200LB-ROMERORUBIO,9,00:13:37,00:13:37
02200LB000_0,0,0200LB-OCEANIA,10,00:15:20,00:15:20
02200LB000_0,0,0200LB-DPVOOCEANIA,11,00:17:16,00:17:16
02200LB000_0,0,0200LB-BOSQUEARAGON,12,00:19:45,00:19:45
02200LB000_0,0,0200LB-VILLAARAGON,13,00:21:31,00:21:31
02200LB000_0,0,0200LB-NEZAHUALCO,14,00:24:20,00:24:20
02200LB000_0,0,0200LB-IMPULSORA,15,00:27:15,00:27:15
02200LB000_0,0,0200LB-RIOREMEDIOS,16,00:28:22,00:28:22
02200LB000_0,0,0200LB-MUZQUIZ,17,00:30:49,00:30:49
02200LB000_0,0,0200LB-ECATEPEC,18,00:33:55,00:33:55
02200LB000_0,0,0200LB-OLIMPICA,19,00:35:20,00:35:20
02200LB000_0,0,0200LB-PLAZAARAGON,20,00:36:57,00:36:57
02200LB000_0,0,0200LB-CIUDADAZTECA,21,00:38:19,00:38:19
02200LB000_1,0,0200LB-CIUDADAZTECA,1,00:00:00,00:00:00
02200LB000_1,0,0200LB-PLAZAARAGON,2,00:01:22,00:01:22
02200LB000_1,0,0200LB-OLIMPICA,3,00:02:59,00:02:59
02200LB000_1,0,0200LB-ECATEPEC,4,00:04:24,00:04:24
02200LB000_1,0,0200LB-MUZQUIZ,5,00:07:30,00:07:30
02200LB000_1,0,0200LB-RIOREMEDIOS,6,00:09:57,00:09:57
02200LB000_1,0,0200LB-IMPULSORA,7,00:11:04,00:11:04
02200LB000_1,0,0200LB-NEZAHUALCO,8,00:13:59,00:13:59
02200LB000_1,0,0200LB-VILLAARAGON,9,00:16:48,00:16:48
02200LB000_1,0,0200LB-BOSQUEARAGON,10,00:18:34,00:18:34
02200LB000_1,0,0200LB-DPVOOCEANIA,11,00:21:03,00:21:03
02200LB000_1,0,0200LB-OCEANIA,12,00:22:59,00:22:59
02200LB000_1,0,0200LB-ROMERORUBIO,13,00:24:42,00:24:42
02200LB000_1,0,0200LB-RFLORESMAGON,14,00:26:47,00:26:47
02200LB000_1,0,0200LB-SANLAZARO,15,00:28:49,00:28:49
02200LB000_1,0,0200LB-MORELOS,16,00:31:27,00:31:27
02200LB000_1,0,0200LB-TEPITO,17,00:32:40,00:32:40
02200LB000_1,0,0200LB-LAGUNILLA,18,00:33:53,00:33:53
02200LB000_1,0,0200LB-GARIBALDI,19,00:35:24,00:35:24
02200LB000_1,0,0200LB-GUERRERO,20,00:37:04,00:37:04
02200LB000_1,0,0200LB-BUENAVISTA,21,00:38:19,00:38:19
02300L1000_0,0,0200L1-OBSERVATORIO,1,00:00:00,00:00:00
02300L1000_0,0,0200L1-TACUBAYA,2,00:02:50,00:02:50
02300L1000_0,0,0200L1-JUANACATLAN,3,00:05:24,00:05:24
02300L1000_0,0,0200L1-CHAPULTEPEC,4,00:07:36,00:07:36
02300L1000_0,0,0200L1-SEVILLA,5,00:08:43,00:08:43
02300L1000_0,0,0200L1-INSURGENTES,6,00:10:22,00:10:22
02300L1000_0,0,0200L1-CUAUHTEMOC,7,00:12:13,00:12:13
02300L1000_0,0,0200L1-BALDERAS,8,00:13:18,00:13:18
02300L1000_0,0,0200L1-SALTODELAGUA,9,00:14:34,00:14:34
02300L1000_0,0,0200L1-ISABELLACA,10,00:15:43,00:15:43
02300L1000_0,0,0200L1-PINOSUAREZ,11,00:16:47,00:16:47
02300L1000_0,0,0200L1-MERCED,12,00:18:23,00:18:23
02300L1000_0,0,0200L1-CANDELARIA,13,00:20:04,00:20:04
02300L1000_0,0,0200L1-SANLAZARO,14,00:22:08,00:22:08
02300L1000_0,0,0200L1_MOCTEZUMA,15,00:23:19,00:23:19
02300L1000_0,0,0200L1-BALBUENA,16,00:24:57,00:24:57
02300L1000_0,0,0200L1-PTOAEREO,17,00:26:29,00:26:29
02300L1000_0,0,0200L1-GOMEZFARIAS,18,00:27:56,00:27:56
02300L1000_0,0,0200L1-ZARAGOZA,19,00:29:50,00:29:50
02300L1000_0,0,0200L1-PANTITLAN,20,00:32:38,00:32:38
02300L1000_1,0,0200L1-PANTITLAN,1,00:00:00,00:00:00
02300L1000_1,0,0200L1-ZARAGOZA,2,00:02:48,00:02:48
02300L1000_1,0,0200L1-GOMEZFARIAS,3,00:04:42,00:04:42
02300L1000_1,0,0200L1-PTOAEREO,4,00:06:09,00:06:09
02300L1000_1,0,0200L1-BALBUENA,5,00:07:41,00:07:41
02300L1000_1,0,0200L1_MOCTEZUMA,6,00:09:19,00:09:19
02300L1000_1,0,0200L1-SANLAZARO,7,00:10:30,00:10:30
02300L1000_1,0,0200L1-CANDELARIA,8,00:12:34,00:12:34
02300L1000_1,0,0200L1-MERCED,9,00:14:15,00:14:15
02300L1000_1,0,0200L1-PINOSUAREZ,10,00:15:51,00:15:51
02300L1000_1,0,0200L1-ISABELLACA,11,00:16:55,00:16:55
02300L1000_1,0,0200L1-SALTODELAGUA,12,00:18:04,00:18:04
02300L1000_1,0,0200L1-BALDERAS,13,00:19:20,00:19:20
02300L1000_1,0,0200L1-CUAUHTEMOC,14,00:20:25,00:20:25
02300L1000_1,0,0200L1-INSURGENTES,15,00:22:16,00:22:16
02300L1000_1,0,0200L1-SEVILLA,16,00:23:55,00:23:55
02300L1000_1,0,0200L1-CHAPULTEPEC,17,00:25:02,00:25:02
02300L1000_1,0,0200L1-JUANACATLAN,18,00:27:14,00:27:14
02300L1000_1,0,0200L1-TACUBAYA,19,00:29:48,00:29:48
02300L1000_1,0,0200L1-OBSERVATORIO,20,00:32:38,00:32:38
02300L2000_0,0,0200L2-CUATROCAMIN,1,00:00:00,00:00:00
02300L2000_0,0,0200L2-PANTEONES,2,00:03:19,00:03:19
02300L2000_0,0,0200L2-TACUBA,3,00:06:14,00:06:14
02300L2000_0,0,0200L2-CUITLAHUAC,4,00:07:38,00:07:38
02300L2000_0,0,0200L2-POPOTLA,5,00:09:06,00:09:06
02300L2000_0,0,0200L2-COLMILITAR,6,00:10:09,00:10:09
02300L2000_0,0,0200L2-NORMAL,7,00:11:29,00:11:29
02300L2000_0,0,0200L2-SANCOSME,8,00:12:53,00:12:53
02300L2000_0,0,0200L2-REVOLUCION,9,00:14:15,00:14:15
02300L2000_0,0,0200L2-HIDALGO,10,00:15:39,00:15:39
02300L2000_0,0,0200L2-BELLASARTES,11,00:16:46,00:16:46
02300L2000_0,0,0200L2-ALLENDE,12,00:17:42,00:17:42
02300L2000_0,0,0200L2-ZOCALO,13,00:19:05,00:19:05
02300L2000_0,0,0200L2-PINOSUAREZ,14,00:20:45,00:20:45
02300L2000_0,0,0200L2-SANANTONIO,15,00:22:33,00:22:33
02300L2000_0,0,0200L2-CHABACANO,16,00:23:58,00:23:58
02300L2000_0,0,0200L2-VIADUCTO,17,00:25:41,00:25:41
02300L2000_0,0,0200L2-XOLA,18,00:26:51,00:26:51
02300L2000_0,0,0200L2-VILLADECORT,19,00:28:26,00:28:26
02300L2000_0,0,0200L2-NATIVITAS,20,00:29:59,00:29:59
02300L2000_0,0,0200L2-PORTALES,21,00:32:05,00:32:05
02300L2000_0,0,0200L2-ERMITA,22,00:33:44,00:33:44
02300L2000_0,0,0200L2-GRALANAYA,23,00:35:34,00:35:34
02300L2000_0,0,0200L2-TASQUENA,24,00:38:21,00:38:21
02300L2000_1,0,0200L2-TASQUENA,1,00:00:00,00:00:00
02300L2000_1,0,0200L2-GRALANAYA,2,00:02:47,00:02:47
02300L2000_1,0,0200L2-ERMITA,3,00:04:37,00:04:37
02300L2000_1,0,0200L2-PORTALES,4,00:06:16,00:06:16
02300L2000_1,0,0200L2-NATIVITAS,5,00:08:22,00:08:22
02300L2000_1,0,0200L2-VILLADECORT,6,00:09:55,00:09:55
02300L2000_1,0,0200L2-XOLA,7,00:11:30,00:11:30
02300L2000_1,0,0200L2-VIADUCTO,8,00:12:40,00:12:40
02300L2000_1,0,0200L2-CHABACANO,9,00:14:23,00:14:23
02300L2000_1,0,0200L2-SANANTONIO,10,00:15:48,00:15:48
02300L2000_1,0,0200L2-PINOSUAREZ,11,00:17:36,00:17:36
02300L2000_1,0,0200L2-ZOCALO,12,00:19:16,00:19:16
02300L2000_1,0,0200L2-ALLENDE,13,00:20:39,00:20:39
02300L2000_1,0,0200L2-BELLASARTES,14,00:21:35,00:21:35
02300L2000_1,0,0200L2-HIDALGO,15,00:22:42,00:22:42
02300L2000_1,0,0200L2-REVOLUCION,16,00:24:06,00:24:06
02300L2000_1,0,0200L2-SANCOSME,17,00:25:28,00:25:28
02300L2000_1,0,0200L2-NORMAL,18,00:26:52,00:26:52
02300L2000_1,0,0200L2-COLMILITAR,19,00:28:12,00:28:12
02300L2000_1,0,0200L2-POPOTLA,20,00:29:15,00:29:15
02300L2000_1,0,0200L2-CUITLAHUAC,21,00:30:43,00:30:43
02300L2000_1,0,0200L2-TACUBA,22,00:32:07,00:32:07
02300L2000_1,0,0200L2-PANTEONES,23,00:35:02,00:35:02
02300L2000_1,0,0200L2-CUATROCAMIN,24,00:38:21,00:38:21
02300L3000_0,0,0200L3-INDIOSVERD,1,00:00:00,00:00:00
02300L3000_0,0,0200L3-DTVO18MARZO,2,00:02:25,00:02:25
02300L3000_0,0,0200L3-POTRERO,3,00:04:27,00:04:27
02300L3000_0,0,0200L3-LARAZA,4,00:06:40,00:06:40
02300L3000_0,0,0200L3-TLATELOLCO,5,00:09:39,00:09:39
02300L3000_0,0,0200L3-GUERRERO,6,00:11:47,00:11:47
02300L3000_0,0,0200L3-HIDALGO,7,00:13:18,00:13:18
02300L3000_0,0,0200L3-JUAREZ,8,00:14:09,00:14:09
02300L3000_0,0,0200L3-BALDERAS,9,00:15:33,00:15:33
02300L3000_0,0,0200L3-NINOSHEROES,10,00:16:59,00:16:59
02300L3000_0,0,0200L3-HOSPITALGRAL,11,00:18:24,00:18:24
02300L3000_0,0,0200L3-CENTROMEDICO,12,00:19:46,00:19:46
02300L3000_0,0,0200L3-ETIOPIA,13,00:22:10,00:22:10
02300L3000_0,0,0200L3-EUGENIA,14,00:24:09,00:24:09
02300L3000_0,0,0200L3-DIVISIONNTE,15,00:25:38,00:25:38
02300L3000_0,0,0200L3-ZAPATA,16,00:27:31,00:27:31
02300L3000_0,0,0200L3-COYOACAN,17,00:29:51,00:29:51
02300L3000_0,0,0200L3-VIVEROS,18,00:31:45,00:31:45
02300L3000_0,0,0200L3-MAQ,19,00:33:33,00:33:33
02300L3000_0,0,0200L3-COPILCO,20,00:36:15,00:36:15
02300L3000_0,0,0200L3-UNIVERSIDAD,21,00:38:53,00:38:53
02300L3000_1,0,0200L3-UNIVERSIDAD,1,00:00:00,00:00:00
02300L3000_1,0,0200L3-COPILCO,2,00:02:38,00:02:38
02300L3000_1,0,0200L3-MAQ,3,00:05:20,00:05:20
02300L3000_1,0,0200L3-VIVEROS,4,00:07:08,00:07:08
02300L3000_1,0,0200L3-COYOACAN,5,00:09:02,00:09:02
02300L3000_1,0,0200L3-ZAPATA,6,00:11:22,00:11:22
02300L3000_1,0,0200L3-DIVISIONNTE,7,00:13:15,00:13:15
02300L3000_1,0,0200L3-EUGENIA,8,00:14:44,00:14:44
02300L3000_1,0,0200L3-ETIOPIA,9,00:16:43,00:16:43
02300L3000_1,0,0200L3-CENTROMEDICO,10,00:19:07,00:19:07
02300L3000_1,0,0200L3-HOSPITALGRAL,11,00:20:29,00:20:29
02300L3000_1,0,0200L3-NINOSHEROES,12,00:21:54,00:21:54
02300L3000_1,0,0200L3-BALDERAS,13,00:23:20,00:23:20
02300L3000_1,0,0200L3-JUAREZ,14,00:24:44,00:24:44
02300L3000_1,0,0200L3-HIDALGO,15,00:25:35,00:25:35
02300L3000_1,0,0200L3-GUERRERO,16,00:27:06,00:27:06
02300L3000_1,0,0200L3-TLATELOLCO,17,00:29:14,00:29:14
02300L3000_1,0,0200L3-LARAZA,18,00:32:13,00:32:13
02300L3000_1,0,0200L3-POTRERO,19,00:34:26,00:34:26
02300L3000_1,0,0200L3-DTVO18MARZO,20,00:36:28,00:36:28
02300L3000_1,0,0200L3-INDIOSVERD,21,00:38:53,00:38:53
02300L4000_0,0,0200L4-SNTAANITA,1,00:00:00,00:00:00
02300L4000_0,0,0200L4-JAMAICA,2,00:01:30,00:01:30
02300L4000_0,0,0200L4-FRAYSERVANDO,3,00:03:31,00:03:31
02300L4000_0,0,0200L4-CANDELARIA,4,00:04:52,00:04:52
02300L4000_0,0,0200L4-MORELOS,5,00:06:56,00:06:56
02300L4000_0,0,0200L4-CANALNTE,6,00:08:43,00:08:43
02300L4000_0,0,0200L4-CONSULADO,7,00:10:28,00:10:28
02300L4000_0,0,0200L4-BONDOJITO,8,00:11:45,00:11:45
02300L4000_0,0,0200L4-TALISMAN,9,00:13:43,00:13:43
02300L4000_0,0,0200L4-MARTINCARR,10,00:15:52,00:15:52
02300L4000_1,0,0200L4-MARTINCARR,1,00:00:00,00:00:00
02300L4000_1,0,0200L4-TALISMAN,2,00:02:09,00:02:09
02300L4000_1,0,0200L4-BONDOJITO,3,00:04:07,00:04:07
02300L4000_1,0,0200L4-CONSULADO,4,00:05:24,00:05:24
02300L4000_1,0,0200L4-CANALNTE,5,00:07:09,00:07:09
02300L4000_1,0,0200L4-MORELOS,6,00:08:56,00:08:56
02300L4000_1,0,0200L4-CANDELARIA,7,00:11:00,00:11:00
02300L4000_1,0,0200L4-FRAYSERVANDO,8,00:12:21,00:12:21
02300L4000_1,0,0200L4-JAMAICA,9,00:14:22,00:14:22
02300L4000_1,0,0200L4-SNTAANITA,10,00:15:52,00:15:52
02300L5000_0,0,0200L5-POLITECNICO,1,00:00:00,00:00:00
02300L5000_0,0,0200L5-ITOPETROLEO,2,00:02:15,00:02:15
02300L5000_0,0,0200L5-AUTOBUSESNTE,3,00:04:17,00:04:17
02300L5000_0,0,0200L5-LARAZA,4,00:06:11,00:06:11
02300L5000_0,0,0200L5-MISTERIOS,5,00:07:51,00:07:51
02300L5000_0,0,0200L5-VALLEGOMEZ,6,00:09:55,00:09:55
02300L5000_0,0,0200L5-CONSULADO,7,00:11:11,00:11:11
02300L5000_0,0,0200L5-EDUARDOMOLI,8,00:12:48,00:12:48
02300L5000_0,0,0200L5-ARAGON,9,00:14:30,00:14:30
02300L5000_0,0,0200L5-OCEANIA,10,00:16:44,00:16:44
02300L5000_0,0,0200L5-TNALAEREA,11,00:18:54,00:18:54
02300L5000_0,0,0200L5-HANGARES,12,00:21:14,00:21:14
02300L5000_0,0,0200L5-PANTITLAN,13,00:24:14,00:24:14
02300L5000_1,0,0200L5-PANTITLAN,1,00:00:00,00:00:00
02300L5000_1,0,0200L5-HANGARES,2,00:03:00,00:03:00
02300L5000_1,0,0200L5-TNALAEREA,3,00:05:20,00:05:20
02300L5000_1,0,0200L5-OCEANIA,4,00:07:30,00:07:30
02300L5000_1,0,0200L5-ARAGON,5,00:09:44,00:09:44
02300L5000_1,0,0200L5-EDUARDOMOLI,6,00:11:26,00:11:26
02300L5000_1,0,0200L5-CONSULADO,7,00:13:03,00:13:03
02300L5000_1,0,0200L5-VALLEGOMEZ,8,00:14:19,00:14:19
02300L5000_1,0,0200L5-MISTERIOS,9,00:16:23,00:16:23
02300L5000_1,0,0200L5-LARAZA,10,00:18:03,00:18:03
02300L5000_1,0,0200L5-AUTOBUSESNTE,11,00:19:57,00:19:57
02300L5000_1,0,0200L5-ITOPETROLEO,12,00:21:59,00:21:59
02300L5000_1,0,0200L5-POLITECNICO,13,00:24:14,00:24:14
02300L6000_0,0,0200L6-ELROSARIO,1,00:00:00,00:00:00
02300L6000_0,0,0200L6-TEZOZOMOC,2,00:02:11,00:02:11
02300L6000_0,0,0200L6-AZCAPOTZALCO,3,00:03:56,00:03:56
02300L6000_0,0,0200L6-FERRERIA,4,00:05:58,00:05:58
02300L6000_0,0,0200L6-NORTE45,5,00:07:53,00:07:53
02300L6000_0,0,0200L6-VALLEJO,6,00:09:11,00:09:11
02300L6000_0,0,0200L6-ITOPETROLEO,7,00:10:35,00:10:35
02300L6000_0,0,0200L6-LINDAVISTA,8,00:12:47,00:12:47
02300L6000_0,0,0200L6-DTVO18MARZO,9,00:14:36,00:14:36
02300L6000_0,0,0200L6-LAVILLA,10,00:15:46,00:15:46
02300L6000_0,0,0200L6-MARTINCARR,11,00:17:43,00:17:43
02300L6000_1,0,0200L6-MARTINCARR,1,00:00:00,00:00:00
02300L6000_1,0,0200L6-LAVILLA,2,00:01:57,00:01:57
02300L6000_1,0,0200L6-DTVO18MARZO,3,00:03:07,00:03:07
02300L6000_1,0,0200L6-LINDAVISTA,4,00:04:56,00:04:56
02300L6000_1,0,0200L6-ITOPETROLEO,5,00:07:08,00:07:08
02300L6000_1,0,0200L6-VALLEJO,6,00:08:32,00:08:32
02300L6000_1,0,0200L6-NORTE45,7,00:09:50,00:09:50
02300L6000_1,0,0200L6-FERRERIA,8,00:11:45,00:11:45
02300L6000_1,0,0200L6-AZCAPOTZALCO,9,00:13:47,00:13:47
02300L6000_1,0,0200L6-TEZOZOMOC,10,00:15:32,00:15:32
02300L6000_1,0,0200L6-ELROSARIO,11,00:17:43,00:17:43
02300L7000_0,0,0200L7-ELROSARIO,1,00:00:00,00:00:00
02300L7000_0,0,0200L7-AQUILESSERD,2,00:02:56,00:02:56
02300L7000_0,0,0200L7-CAMARONES,3,00:05:22,00:05:22
02300L7000_0,0,0200L7-REFINERIA,4,00:07:06,00:07:06
02300L7000_0,0,0200L7-TACUBA,5,00:09:28,00:09:28
02300L7000_0,0,0200L7-SANJOAQUIN,6,00:12:02,00:12:02
02300L7000_0,0,0200L7-POLANCO,7,00:14:10,00:14:10
02300L7000_0,0,0200L7-AUDITORIO,8,00:15:34,00:15:34
02300L7000_0,0,0200L7-CONSTITUYENTES,9,00:18:15,00:18:15
02300L7000_0,0,0200L7-TACUBAYA,10,00:20:08,00:20:08
02300L7000_0,0,0200L7-SANPEDROPINOS,11,00:22:09,00:22:09
02300L7000_0,0,0200L7-SANANTONIO,12,00:23:26,00:23:26
02300L7000_0,0,0200L7-MIXCOAC,13,00:24:53,00:24:53
02300L7000_0,0,0200L7-BARRANCA,14,00:27:33,00:27:33
02300L7000_1,0,0200L7-BARRANCA,1,00:00:00,00:00:00
02300L7000_1,0,0200L7-MIXCOAC,2,00:02:40,00:02:40
02300L7000_1,0,0200L7-SANANTONIO,3,00:04:07,00:04:07
02300L7000_1,0,0200L7-SANPEDROPINOS,4,00:05:24,00:05:24
02300L7000_1,0,0200L7-TACUBAYA,5,00:07:25,00:07:25
02300L7000_1,0,0200L7-CONSTITUYENTES,6,00:09:18,00:09:18
02300L7000_1,0,0200L7-AUDITORIO,7,00:11:59,00:11:59
02300L7000_1,0,0200L7-POLANCO,8,00:13:23,00:13:23
02300L7000_1,0,0200L7-SANJOAQUIN,9,00:15:31,00:15:31
02300L7000_1,0,0200L7-TACUBA,10,00:18:05,00:18:05
02300L7000_1,0,0200L7-REFINERIA,11,00:20:27,00:20:27
02300L7000_1,0,0200L7-CAMARONES,12,00:22:11,00:22:11
02300L7000_1,0,0200L7-AQUILESSERD,13,00:24:37,00:24:37
02300L7000_1,0,0200L7-ELROSARIO,14,00:27:33,00:27:33
02300L8000_0,0,0200L8-GARIBALDI,1,00:00:00,00:00:00
02300L8000_0,0,0200L8-BELLASARTES,2,00:01:23,00:01:23
02300L8000_0,0,0200L8-SANJUANLETRAN,3,00:02:26,00:02:26
02300L8000_0,0,0200L8-SALTOAGUA,4,00:03:11,00:03:11
02300L8000_0,0,0200L8-DOCTORES,5,00:04:24,00:04:24
02300L8000_0,0,0200L8-OBRERA,6,00:06:01,00:06:01
02300L8000_0,0,0200L8-CHABACANO,7,00:08:17,00:08:17
02300L8000_0,0,0200L8-LAVIGA,8,00:09:58,00:09:58
02300L8000_0,0,0200L8-STAANITA,9,00:11:20,00:11:20
02300L8000_0,0,0200L8-COYUYA,10,00:13:22,00:13:22
02300L8000_0,0,0200L8-IZTACALCO,11,00:15:22,00:15:22
02300L8000_0,0,0200L8-APATLACO,12,00:17:13,00:17:13
02300L8000_0,0,0200L8-ACULCO,13,00:18:24,00:18:24
02300L8000_0,0,0200L8-ESCUADRON,14,00:20:03,00:20:03
02300L8000_0,0,0200L8-ATLALILCO,15,00:23:21,00:23:21
02300L8000_0,0,0200L8-IZTAPALAPA,16,00:24:50,00:24:50
02300L8000_0,0,0200L8-CERROESTRELLA,17,00:26:26,00:26:26
02300L8000_0,0,0200L8-UAM-I,18,00:28:38,00:28:38
02300L8000_0,0,0200L8-CONST1917,19,00:30:53,00:30:53
02300L8000_1,0,0200L8-CONST1917,1,00:00:00,00:00:00
02300L8000_1,0,0200L8-UAM-I,2,00:02:15,00:02:15
02300L8000_1,0,0200L8-CERROESTRELLA,3,00:04:27,00:04:27
02300L8000_1,0,0200L8-IZTAPALAPA,4,00:06:03,00:06:03
02300L8000_1,0,0200L8-ATLALILCO,5,00:07:32,00:07:32
02300L8000_1,0,0200L8-ESCUADRON,6,00:10:50,00:10:50
02300L8000_1,0,0200L8-ACULCO,7,00:12:29,00:12:29
02300L8000_1,0,0200L8-APATLACO,8,00:13:40,00:13:40
02300L8000_1,0,0200L8-IZTACALCO,9,00:15:31,00:15:31
02300L8000_1,0,0200L8-COYUYA,10,00:17:31,00:17:31
02300L8000_1,0,0200L8-STAANITA,11,00:19:33,00:19:33
02300L8000_1,0,0200L8-LAVIGA,12,00:20:55,00:20:55
02300L8000_1,0,0200L8-CHABACANO,13,00:22:36,00:22:36
02300L8000_1,0,0200L8-OBRERA,14,00:24:52,00:24:52
02300L8000_1,0,0200L8-DOCTORES,15,00:26:29,00:26:29
02300L8000_1,0,0200L8-SALTOAGUA,16,00:27:42,00:27:42
02300L8000_1,0,0200L8-SANJUANLETRAN,17,00:28:27,00:28:27
02300L8000_1,0,0200L8-BELLASARTES,18,00:29:30,00:29:30
02300L8000_1,0,0200L8-GARIBALDI,19,00:30:53,00:30:53
02300L9000_0,0,0200L9-PANTITLAN,1,00:00:00,00:00:00
02300L9000_0,0,0200L9-PUEBLA,2,00:02:47,00:02:47
02300L9000_0,0,0200L9-CIUDADDVA,3,00:04:29,00:04:29
02300L9000_0,0,0200L9-VELODROMO,4,00:06:46,00:06:46
02300L9000_0,0,0200L9-MIXIUHCA,5,00:08:38,00:08:38
02300L9000_0,0,0200L9-JAMAICA,6,00:10:25,00:10:25
02300L9000_0,0,0200L9-CHABACANO,7,00:12:37,00:12:37
02300L9000_0,0,0200L9-LAZAROCAR,8,00:14:40,00:14:40
02300L9000_0,0,0200L9-CENTROMEDICO,9,00:16:50,00:16:50
02300L9000_0,0,0200L9-CHILPANCINGO,10,00:19:12,00:19:12
02300L9000_0,0,0200L9-PATRIOTISMO,11,00:21:11,00:21:11
02300L9000_0,0,0200L9-TACUBAYA,12,00:23:21,00:23:21
02300L9000_1,0,0200L9-TACUBAYA,1,00:00:00,00:00:00
02300L9000_1,0,0200L9-PATRIOTISMO,2,00:02:47,00:02:47
02300L9000_1,0,0200L9-CHILPANCINGO,3,00:04:29,00:04:29
02300L9000_1,0,0200L9-CENTROMEDICO,4,00:06:46,00:06:46
02300L9000_1,0,0200L9-LAZAROCAR,5,00:08:38,00:08:38
02300L9000_1,0,0200L9-CHABACANO,6,00:10:25,00:10:25
02300L9000_1,0,0200L9-JAMAICA,7,00:12:37,00:12:37
02300L9000_1,0,0200L9-MIXIUHCA,8,00:14:40,00:14:40
02300L9000_1,0,0200L9-VELODROMO,9,00:16:50,00:16:50
02300L9000_1,0,0200L9-CIUDADDVA,10,00:19:12,00:19:12
02300L9000_1,0,0200L9-PUEBLA,11,00:21:11,00:21:11
02300L9000_1,0,0200L9-PANTITLAN,12,00:23:21,00:23:21
02300LA000_0,0,0200LA-PANTITLAN,1,00:00:00,00:00:00
02300LA000_0,0,0200LA-AGRICOLA,2,00:02:33,00:02:33
02300LA000_0,0,0200LA-CANALSANJUAN,3,00:04:36,00:04:36
02300LA000_0,0,0200LA-TEPALCATES,4,00:07:15,00:07:15
02300LA000_0,0,0200LA-GUELATAO,5,00:09:24,00:09:24
02300LA000_0,0,0200LA-PENONVIEJO,6,00:13:17,00:13:17
02300LA000_0,0,0200LA-ACATITLA,7,00:15:48,00:15:48
02300LA000_0,0,0200LA-STAMARTA,8,00:17:51,00:17:51
02300LA000_0,0,0200LA-LOSREYES,9,00:21:02,00:21:02
02300LA000_0,0,0200LA-LAPAZ,10,00:24:30,00:24:30
02300LA000_1,0,0200LA-LAPAZ,1,00:00:00,00:00:00
02300LA000_1,0,0200LA-LOSREYES,2,00:03:28,00:03:28
02300LA000_1,0,0200LA-STAMARTA,3,00:06:39,00:06:39
02300LA000_1,0,0200LA-ACATITLA,4,00:08:42,00:08:42
02300LA000_1,0,0200LA-PENONVIEJO,5,00:11:13,00:11:13
02300LA000_1,0,0200LA-GUELATAO,6,00:15:06,00:15:06
02300LA000_1,0,0200LA-TEPALCATES,7,00:17:15,00:17:15
02300LA000_1,0,0200LA-CANALSANJUAN,8,00:19:54,00:19:54
02300LA000_1,0,0200LA-AGRICOLA,9,00:21:57,00:21:57
02300LA000_1,0,0200LA-PANTITLAN,10,00:24:30,00:24:30
02300LB000_0,0,0200LB-BUENAVISTA,1,00:00:00,00:00:00
02300LB000_0,0,0200LB-GUERRERO,2,00:01:15,00:01:15
02300LB000_0,0,0200LB-GARIBALDI,3,00:02:55,00:02:55
02300LB000_0,0,0200LB-LAGUNILLA,4,00:04:26,00:04:26
02300LB000_0,0,0200LB-TEPITO,5,00:05:39,00:05:39
02300LB000_0,0,0200LB-MORELOS,6,00:06:52,00:06:52
02300LB000_0,0,0200LB-SANLAZARO,7,00:09:30,00:09:30
02300LB000_0,0,0200LB-RFLORESMAGON,8,00:11:32,00:11:32
02300LB000_0,0,0200LB-ROMERORUBIO,9,00:13:37,00:13:37
02300LB000_0,0,0200LB-OCEANIA,10,00:15:20,00:15:20
02300LB000_0,0,0200LB-DPVOOCEANIA,11,00:17:16,00:17:16
02300LB000_0,0,0200LB-BOSQUEARAGON,12,00:19:45,00:19:45
02300LB000_0,0,0200LB-VILLAARAGON,13,00:21:31,00:21:31
02300LB000_0,0,0200LB-NEZAHUALCO,14,00:24:20,00:24:20
02300LB000_0,0,0200LB-IMPULSORA,15,00:27:15,00:27:15
02300LB000_0,0,0200LB-RIOREMEDIOS,16,00:28:22,00:28:22
02300LB000_0,0,0200LB-MUZQUIZ,17,00:30:49,00:30:49
02300LB000_0,0,0200LB-ECATEPEC,18,00:33:55,00:33:55
02300LB000_0,0,0200LB-OLIMPICA,19,00:35:20,00:35:20
02300LB000_0,0,0200LB-PLAZAARAGON,20,00:36:57,00:36:57
02300LB000_0,0,0200LB-CIUDADAZTECA,21,00:38:19,00:38:19
02300LB000_1,0,0200LB-CIUDADAZTECA,1,00:00:00,00:00:00
02300LB000_1,0,0200LB-PLAZAARAGON,2,00:01:22,00:01:22
02300LB000_1,0,0200LB-OLIMPICA,3,00:02:59,00:02:59
02300LB000_1,0,0200LB-ECATEPEC,4,00:04:24,00:04:24
02300LB000_1,0,0200LB-MUZQUIZ,5,00:07:30,00:07:30
02300LB000_1,0,0200LB-RIOREMEDIOS,6,00:09:57,00:09:57
02300LB000_1,0,0200LB-IMPULSORA,7,00:11:04,00:11:04
02300LB000_1,0,0200LB-NEZAHUALCO,8,00:13:59,00:13:59
02300LB000_1,0,0200LB-VILLAARAGON,9,00:16:48,00:16:48
02300LB000_1,0,0200LB-BOSQUEARAGON,10,00:18:34,00:18:34
02300LB000_1,0,0200LB-DPVOOCEANIA,11,00:21:03,00:21:03
02300LB000_1,0,0200LB-OCEANIA,12,00:22:59,00:22:59
02300LB000_1,0,0200LB-ROMERORUBIO,13,00:24:42,00:24:42
02300LB000_1,0,0200LB-RFLORESMAGON,14,00:26:47,00:26:47
02300LB000_1,0,0200LB-SANLAZARO,15,00:28:49,00:28:49
02300LB000_1,0,0200LB-MORELOS,16,00:31:27,00:31:27
02300LB000_1,0,0200LB-TEPITO,17,00:32:40,00:32:40
02300LB000_1,0,0200LB-LAGUNILLA,18,00:33:53,00:33:53
02300LB000_1,0,0200LB-GARIBALDI,19,00:35:24,00:35:24
02300LB000_1,0,0200LB-GUERRERO,20,00:37:04,00:37:04
02300LB000_1,0,0200LB-BUENAVISTA,21,00:38:19,00:38:19